Time,Latitude,Longitude,Altitude,Condutivity,DissolvedOxygen,RedoxPotential,Temperature,pH
1572036877.5,-32.07328485,-52.16573925,17.1017623489,301.600006104,25.6900005341,162.899993896,26.8090000153,10.9930000305
1572036883.0,-32.07329555,-52.1657362,17.1117568632,302.0,26.1399993896,166.100006104,26.8600006104,10.9359998703
1572036888.0,-32.07332085,-52.1657431,16.9917770878,302.100006104,26.6700000763,163.899993896,26.8490009308,10.9160003662
1572036893.0,-32.07334645,-52.1657616,16.9018349221,302.299987793,26.9200000763,166.100006104,26.7080001831,10.9010000229
1572036898.0,-32.0733618,-52.16578395,16.8969054885,302.5,27.1299991608,166.600006104,26.8560009003,10.8999996185
1572036903.5,-32.073379,-52.16581225,16.9819868975,302.100006104,27.1499996185,168.800003052,26.8560009003,10.8959999084
1572036909.0,-32.0734115,-52.1658358,16.9970604145,302.100006104,27.2600002289,169.199996948,26.8560009003,10.9020004272
1572036914.0,-32.0734356,-52.16586085,16.9371420725,302.0,27.2600002289,170.899993896,26.8600006104,10.8940000534
1572036919.0,-32.0734587,-52.1658789,16.9071910592,301.799987793,27.1499996185,174.100006104,26.857000351,10.8710002899
1572036924.5,-32.07348745,-52.1658787,17.072198539,301.600006104,26.9200000763,174.300003052,26.857000351,10.8629999161
1572036930.0,-32.0735118,-52.1658666,17.0471749105,301.600006104,26.8999996185,171.800003052,26.8519992828,10.8629999161
1572036935.0,-32.07352695,-52.16584785,16.992122063,301.799987793,26.8600006104,174.300003052,26.8519992828,10.8599996567
1572036940.0,-32.07354555,-52.1658355,17.017103734,302.899993896,26.7999992371,175.100006104,26.8560009003,10.888999939
1572036945.0,-32.0735728,-52.16583915,16.9371194863,303.700012207,27.0799999237,176.300003052,26.8600006104,10.890999794
1572036950.5,-32.07359835,-52.1658284,17.0021012385,304.299987793,27.0,176.100006104,26.8810005188,10.8940000534
1572036956.0,-32.07362365,-52.16582715,16.9420984468,304.200012207,27.3199996948,176.300003052,27.0200004578,10.9149999619
1572036961.0,-32.0736473,-52.16584355,16.8471507687,302.700012207,27.1700000763,175.100006104,27.0100002289,10.8859996796
1572036966.0,-32.0736807,-52.16584605,16.947173394,300.299987793,27.0499992371,174.600006104,26.8689994812,10.906999588
1572036971.5,-32.07371365,-52.1658564,16.957211631,302.200012207,25.3400001526,177.0,27.0039997101,10.6859998703
1572036977.0,-32.0737401,-52.1658786,16.9422783783,307.100006104,22.4799995422,175.399993896,27.297000885,10.6820001602
1572036982.0,-32.0737687,-52.165901,16.922321693,309.899993896,24.5200004578,174.0,27.5550003052,10.8260002136
1572036987.0,-32.0737931,-52.16592755,16.7624194337,310.299987793,26.0200004578,174.199996948,27.7919998169,10.8809995651
1572036992.5,-32.07381435,-52.1659554,16.8725092545,310.399993896,26.3700008392,173.899993896,27.8080005646,10.8760004044
1572036998.0,-32.0738433,-52.1659813,16.9675879403,310.299987793,26.5200004578,174.300003052,27.9449996948,10.8760004044
1572037003.0,-32.0738721,-52.1659921,17.0226278808,310.899993896,26.6100006104,174.0,27.9580001831,10.8549995422
1572037008.0,-32.07390245,-52.16600075,16.972658909,311.100006104,26.7600002289,174.5,27.9689998627,10.8879995346
1572037013.0,-32.0739286,-52.1660205,16.8577253452,310.600006104,26.8500003815,175.100006104,27.9850006104,10.873000145
1572037018.5,-32.0739599,-52.16603815,16.9127889977,310.5,27.0200004578,175.699996948,27.9909992218,10.8760004044
1572037024.0,-32.0739883,-52.1660575,16.7828384283,310.600006104,27.0799999237,175.199996948,28.0,10.9200000763
1572037029.0,-32.07400505,-52.1660839,16.7329145739,310.399993896,27.2000007629,176.600006104,28.0049991608,10.906999588
1572037034.0,-32.07403025,-52.16610725,16.8180062572,310.0,27.1399993896,176.899993896,28.0069999695,10.8950004578
1572037039.5,-32.07406305,-52.16612325,16.8930386919,311.299987793,27.0300006866,176.800003052,28.1450004578,10.892999649
1572037045.0,-32.074096,-52.1661201,16.9780405712,311.299987793,27.3600006104,176.399993896,28.1319999695,10.9119997025
1572037050.0,-32.074125,-52.16610995,16.9530190846,310.700012207,27.4300003052,176.699996948,28.1200008392,10.9289999008
1572037055.0,-32.0741578,-52.16610065,17.0230071075,309.399993896,27.4699993134,177.199996948,28.1100006104,10.9300003052
1572037060.5,-32.0741859,-52.1660851,17.0979829438,305.899993896,27.1499996185,176.399993896,28.0890007019,10.8979997635
1572037066.0,-32.0742036,-52.1660622,17.0329327278,304.600006104,26.3600006104,178.399993896,27.9160003662,10.8369998932
1572037071.0,-32.0742185,-52.1660551,17.1179127789,305.0,25.8899993896,180.699996948,27.7660007477,10.8540000916
1572037076.0,-32.0742375,-52.16608425,17.1129748127,304.399993896,25.9200000763,180.899993896,27.7530002594,10.8540000916
1572037081.0,-32.07425975,-52.1661145,16.9780783443,305.799987793,25.9599990845,179.699996948,27.7369995117,10.8599996567
1572037086.5,-32.07428215,-52.1661503,16.8532166002,308.299987793,26.3999996185,180.5,27.7159996033,10.9079999924
1572037092.0,-32.0743063,-52.1661834,16.8382359086,308.899993896,27.0,179.300003052,27.7119998932,10.9379997253
1572037097.0,-32.074327,-52.16621905,16.8533793685,308.899993896,27.1900005341,178.0,27.7159996033,10.9189996719
1572037102.0,-32.0743478,-52.16624565,16.8334406113,309.899993896,27.1599998474,178.899993896,27.9060001373,10.9029998779
1572037107.5,-32.07437565,-52.16626795,16.9535203544,309.700012207,26.5699996948,176.399993896,28.0249996185,10.8789997101
1572037113.0,-32.07440895,-52.16628115,17.0735757197,309.899993896,26.3600006104,175.300003052,28.2010002136,10.8649997711
1572037118.0,-32.07443635,-52.16627265,17.0935367148,310.200012207,26.1200008392,174.899993896,28.2089996338,10.8690004349
1572037123.0,-32.0744553,-52.1662489,17.053484147,309.899993896,26.1800003052,175.699996948,28.2129993439,10.8739995956
1572037128.0,-32.07446795,-52.16622755,17.0484542099,310.0,26.4599990845,175.5,28.2119998932,10.8649997711
1572037134.0,-32.0744939,-52.1662022,17.0933872554,310.399993896,26.3299999237,176.600006104,28.2220001221,10.8830003738
1572037139.0,-32.07451265,-52.16618025,16.9983404614,310.299987793,26.3799991608,176.100006104,28.2290000916,10.8879995346
1572037144.0,-32.07452775,-52.16614935,17.0432722957,310.399993896,26.3299999237,174.899993896,28.2420005798,10.8970003128
1572037149.0,-32.07453355,-52.1661192,17.0981698596,310.200012207,26.6499996185,175.399993896,28.2469997406,10.9139995575
1572037154.5,-32.07453665,-52.1660858,17.0680939014,310.0,26.75,175.199996948,28.2590007782,10.9149999619
1572037160.0,-32.0745376,-52.16604735,17.1329676578,310.0,26.8999996185,174.600006104,28.2630004883,10.9280004501
1572037165.0,-32.07454345,-52.16601365,17.2978971363,310.0,26.8199996948,174.600006104,28.2689990997,10.9280004501
1572037170.0,-32.0745497,-52.16598425,17.3928404614,310.100006104,26.7900009155,174.199996948,28.2569999695,10.9239997864
1572037175.5,-32.0745628,-52.16595385,17.2927428533,309.899993896,26.8099994659,174.0,28.2450008392,10.9189996719
1572037181.0,-32.0745783,-52.16592805,17.277684925,309.200012207,26.8299999237,174.899993896,28.232000351,10.9270000458
1572037186.0,-32.07459185,-52.16589895,17.4225870336,308.600006104,26.5300006866,174.100006104,28.0909996033,10.9169998169
1572037191.0,-32.0746024,-52.1658694,17.3325377124,307.700012207,26.3299999237,173.5,28.2399997711,10.9130001068
1572037196.5,-32.07460585,-52.1658411,17.2224633704,308.0,26.4500007629,174.5,28.2240009308,10.8870000839
1572037202.0,-32.074584,-52.1658114,17.3123723037,308.100006104,26.4200000763,174.199996948,28.2110004425,10.9239997864
1572037207.0,-32.07457195,-52.16578035,17.3523007876,308.700012207,26.2900009155,173.800003052,28.2059993744,10.8940000534
1572037212.0,-32.0745647,-52.1657496,17.3072006891,309.0,26.5699996948,173.600006104,28.2049999237,10.8979997635
1572037217.0,-32.07454875,-52.16572345,17.282121542,309.200012207,26.4300003052,173.5,28.202999115,10.9099998474
1572037222.5,-32.07452565,-52.16569775,17.322043884,309.299987793,26.7299995422,174.100006104,28.2059993744,10.9139995575
1572037228.0,-32.0744992,-52.16566645,17.2719750006,308.299987793,26.8700008392,174.600006104,28.2119998932,10.9040002823
1572037233.0,-32.0744775,-52.16563705,17.2618621795,307.299987793,26.7600002289,172.899993896,28.2150001526,10.892999649
1572037238.0,-32.0744573,-52.16561005,17.2617941028,307.399993896,26.4899997711,172.699996948,28.2159996033,10.8710002899
1572037243.0,-32.07443905,-52.16558555,17.2767435665,306.899993896,26.4699993134,172.0,28.2129993439,10.8459997177
1572037249.0,-32.07441165,-52.1655513,17.2566220142,304.799987793,26.3099994659,173.399993896,28.0839996338,10.8339996338
1572037254.0,-32.07438575,-52.16552285,17.2865394315,303.5,25.6499996185,172.899993896,28.1000003815,10.8039999008
1572037259.0,-32.07435735,-52.1655064,17.3514813804,303.399993896,24.6399993896,172.899993896,28.1049995422,10.767999649
1572037264.0,-32.07432635,-52.1654942,17.3714240536,306.399993896,24.6100006104,173.0,28.1060009003,10.8159999847
1572037269.5,-32.0742944,-52.1654754,17.3213895415,307.600006104,25.8999996185,171.5,28.1009998322,10.888999939
1572037275.0,-32.07426875,-52.1654455,17.3512871358,307.799987793,26.8400001526,171.300003052,28.0970001221,10.8850002289
1572037280.0,-32.07424655,-52.16542135,17.3862127282,309.100006104,27.2299995422,171.699996948,28.0939998627,10.9079999924
1572037285.0,-32.0742237,-52.1653945,17.381119631,308.5,27.5400009155,172.0,28.0909996033,10.9060001373
1572037290.5,-32.07420395,-52.1653696,17.3060408943,308.600006104,27.6900005341,171.0,28.091999054,10.8920001984
1572037296.0,-32.07417655,-52.16533745,17.4459495299,308.600006104,27.7299995422,171.300003052,28.0909996033,10.9020004272
1572037301.0,-32.07415975,-52.16531295,17.5008947643,308.299987793,27.7099990845,171.600006104,28.0900001526,10.9230003357
1572037306.0,-32.07414985,-52.1652862,17.330811165,306.5,27.6900005341,172.800003052,28.0839996338,10.9130001068
1572037311.0,-32.0741378,-52.1652518,17.4306919949,306.5,27.3799991608,171.699996948,28.0739994049,10.9079999924
1572037317.0,-32.0741179,-52.1652114,17.390639814,305.899993896,27.3099994659,172.199996948,28.0590000153,10.9010000229
1572037322.0,-32.0741037,-52.16518145,17.3805328586,305.0,27.0900001526,172.100006104,28.0550003052,10.8690004349
1572037327.0,-32.07408875,-52.16515045,17.3704554828,302.600006104,27.1700000763,172.600006104,28.0540008545,10.8459997177
1572037332.0,-32.07407405,-52.16512125,17.3153143754,301.799987793,26.1399993896,173.100006104,28.0480003357,10.8009996414
1572037337.5,-32.0740564,-52.1650882,17.3302869296,301.700012207,25.7299995422,172.800003052,28.0349998474,10.8079996109
1572037343.0,-32.07404215,-52.16505585,17.2451440812,299.700012207,25.5599994659,172.600006104,27.9050006866,10.7910003662
1572037348.0,-32.07402965,-52.1650228,17.2600754387,298.100006104,25.2900009155,173.600006104,27.8910007477,10.7729997635
1572037353.0,-32.074015,-52.16500055,17.2600064556,299.5,24.9699993134,173.5,27.7560005188,10.7349996567
1572037358.5,-32.073987,-52.16500435,17.2700116977,300.899993896,25.0799999237,173.899993896,27.7420005798,10.8380002975
1572037364.0,-32.0739623,-52.16498905,17.1149854866,301.100006104,25.6100006104,174.399993896,27.7420005798,10.8629999161
1572037369.0,-32.0739579,-52.16495765,17.1298922407,300.799987793,25.8999996185,173.899993896,27.7350006104,10.8470001221
1572037374.0,-32.07394815,-52.16492215,17.1798098612,298.0,26.1700000763,173.899993896,27.607000351,10.8229999542
1572037379.0,-32.0739342,-52.1648925,17.2996941186,298.399993896,25.8299999237,174.300003052,27.6060009003,10.779999733
1572037385.0,-32.0739022,-52.1648867,17.3046687026,301.100006104,25.8799991608,174.0,27.6000003815,10.8129997253
1572037390.0,-32.0738715,-52.1648936,17.2396807947,303.0,26.6800003052,173.699996948,27.5939998627,10.8660001755
1572037395.0,-32.07384025,-52.16490515,17.1496982175,303.5,27.3999996185,172.5,27.6130008698,10.9040002823
1572037400.0,-32.07381335,-52.1649251,16.9647403618,303.299987793,27.6800003052,172.699996948,27.6170005798,10.920999527
1572037405.5,-32.0738041,-52.16494925,16.9298051566,303.299987793,27.8700008392,173.199996948,27.7779998779,10.9280004501
1572037411.0,-32.07382585,-52.16496145,17.0348493874,302.600006104,27.7099990845,173.699996948,27.7569999695,10.9200000763
1572037417.0,-32.0738551,-52.16498,17.0099039492,303.799987793,27.6800003052,173.300003052,27.6100006104,10.9309997559
1572037421.0,-32.0738741,-52.1649984,16.9799594012,303.5,27.7299995422,172.100006104,27.7619991302,10.9420003891
1572037426.0,-32.07388925,-52.1650251,16.7850432247,303.299987793,27.8799991608,172.699996948,27.7520008087,10.9270000458
1572037432.0,-32.0739091,-52.1650619,16.9201303406,303.299987793,27.7700004578,171.699996948,27.7250003815,10.9270000458
1572037437.0,-32.07391615,-52.1650936,16.920235703,303.399993896,27.7199993134,173.100006104,27.7369995117,10.9359998703
1572037442.0,-32.07392075,-52.1651272,16.9003109258,303.200012207,27.7600002289,173.0,27.7350006104,10.9560003281
1572037447.0,-32.07391665,-52.1651621,16.8553945272,303.0,27.7399997711,172.600006104,27.7490005493,10.9479999542
1572037452.5,-32.07389975,-52.1651913,16.9904709962,303.600006104,27.6499996185,172.399993896,27.7700004578,10.9379997253
1572037458.0,-32.0738748,-52.16521965,16.995569347,303.0,27.5699996948,172.699996948,27.7740001678,10.9329996109
1572037463.0,-32.0738573,-52.1652495,17.040638016,303.200012207,27.4899997711,172.399993896,27.7220001221,10.9499998093
1572037468.0,-32.07384345,-52.16528405,16.9707359273,303.0,27.3700008392,173.399993896,27.7299995422,10.9549999237
1572037473.5,-32.073832,-52.1653176,17.0007997335,302.700012207,27.5100002289,172.100006104,27.7350006104,10.9580001831
1572037479.0,-32.07381045,-52.16534855,17.0158592774,302.700012207,27.7000007629,171.199996948,27.7240009308,10.9720001221
1572037484.0,-32.07378825,-52.16536105,17.0209060593,302.100006104,27.6900005341,171.899993896,27.7159996033,10.9560003281
1572037489.0,-32.0737534,-52.165366,17.020907768,301.799987793,27.7600002289,172.0,27.5799999237,10.9639997482
1572037494.0,-32.0737237,-52.1653691,16.950907048,301.200012207,27.6900005341,171.199996948,27.5729999542,10.9650001526
1572037500.0,-32.07368685,-52.16536875,17.175891541,300.700012207,27.8199996948,171.699996948,27.5510005951,10.9790000916
1572037505.0,-32.0736603,-52.1653607,17.2458574388,301.100006104,27.8799991608,171.699996948,27.3880004883,10.9589996338
1572037510.0,-32.0736308,-52.16535345,17.2308393063,300.799987793,27.9599990845,171.0,27.3939990997,10.9630002975
1572037515.0,-32.073605,-52.1653451,17.2257816746,300.799987793,27.8099994659,170.100006104,27.3899993896,10.9619998932
1572037520.5,-32.07358815,-52.16531845,17.1407278677,299.700012207,27.6399993896,170.699996948,27.3850002289,10.9469995499
1572037526.0,-32.0735824,-52.16529085,17.0206519414,299.899993896,27.7299995422,170.0,27.3719997406,10.9379997253
1572037531.0,-32.0735815,-52.1652603,17.0205830104,299.0,27.7199993134,168.300003052,27.3549995422,10.9460000992
1572037536.0,-32.0735936,-52.1652306,17.0854938411,300.0,27.7399997711,169.800003052,27.3309993744,10.9399995804
1572037541.5,-32.0736135,-52.1652167,17.105460074,301.0,27.7900009155,168.100006104,27.3309993744,10.9429998398
1572037547.0,-32.0736343,-52.1651972,17.1154023388,301.600006104,27.8500003815,167.199996948,27.3439998627,10.9280004501
1572037552.0,-32.07365465,-52.16517745,17.0603704306,301.0,27.8799991608,167.0,27.4720001221,10.9320001602
1572037557.0,-32.0736761,-52.1651554,17.0403381884,300.600006104,27.9300003052,167.600006104,27.4689998627,10.9320001602
1572037562.0,-32.0736976,-52.16513635,16.9652737241,299.299987793,28.0900001526,167.399993896,27.4610004425,10.9099998474
1572037568.0,-32.07372295,-52.1651113,16.9402360627,305.799987793,28.0900001526,167.100006104,27.3330001831,10.8859996796
1572037573.0,-32.07374555,-52.165086,16.9101657252,303.899993896,27.9599990845,166.800003052,27.3150005341,10.8859996796
1572037578.0,-32.0737618,-52.1650631,16.9450929087,302.100006104,27.6200008392,167.0,27.0149993896,10.906999588
1572037583.0,-32.0737789,-52.16503155,17.0200158972,302.100006104,27.1700000763,165.300003052,27.1630001068,10.8459997177
1572037589.0,-32.07379675,-52.1649958,16.9749323754,305.600006104,26.2000007629,165.0,27.033000946,10.8999996185
1572037594.0,-32.0738102,-52.1649657,16.9598469136,308.5,26.8899993896,165.600006104,27.2649993896,10.9739999771
1572037599.0,-32.07382175,-52.16493155,16.9347756481,308.799987793,27.5499992371,164.899993896,27.454000473,11.0030002594
1572037604.0,-32.073832,-52.1648932,17.0146685951,308.0,27.8899993896,166.100006104,27.6119995117,10.9650001526
1572037609.5,-32.0738387,-52.1648539,17.0545600847,306.5,27.7900009155,165.600006104,27.6140003204,10.9659996033
1572037615.0,-32.0738408,-52.16482025,16.9594532177,304.600006104,27.5499992371,165.899993896,27.6159992218,10.9370002747
1572037620.0,-32.07382665,-52.1647975,16.9743926921,304.200012207,27.4599990845,167.100006104,27.6119995117,10.875
1572037625.0,-32.07379945,-52.16477855,16.9693655869,305.399993896,27.3299999237,166.100006104,27.607000351,10.9460000992
1572037630.5,-32.0737739,-52.1647534,16.964295375,304.899993896,27.2800006866,166.199996948,27.591999054,10.968000412
1572037636.0,-32.07375585,-52.16472325,17.009158707,303.899993896,27.3299999237,165.600006104,27.4340000153,10.9589996338
1572037641.0,-32.07374075,-52.1646974,16.9991213869,301.700012207,27.0900001526,166.399993896,27.4409999847,10.9309997559
1572037646.0,-32.07372065,-52.16466785,17.0490282836,300.5,26.7900009155,167.800003052,27.4300003052,10.8920001984
1572037651.0,-32.0736998,-52.1646518,17.04899411,299.600006104,26.1200008392,168.0,27.2189998627,10.8559999466
1572037656.5,-32.0736746,-52.16462595,17.0888829552,299.600006104,25.7800006866,168.199996948,27.2119998932,10.8669996262
1572037662.0,-32.0736477,-52.1646135,17.0888672606,299.600006104,25.7000007629,167.600006104,27.2049999237,10.859000206
1572037667.0,-32.07361845,-52.1645928,17.0437887152,297.899993896,25.5699996948,168.0,27.1830005646,10.8420000076
1572037672.0,-32.07360245,-52.164569,17.0187495529,297.200012207,25.3299999237,168.5,27.0009994507,10.8719997406
1572037677.5,-32.07358385,-52.16454035,17.0536339518,296.600006104,25.4200000763,168.100006104,26.982000351,10.8850002289
1572037683.0,-32.0735589,-52.16452195,17.0835752942,296.600006104,25.8099994659,168.300003052,26.7380008698,10.8649997711
1572037688.0,-32.0735373,-52.16450665,17.0335270654,296.5,26.0900001526,168.100006104,26.716999054,10.9160003662
1572037693.0,-32.0735102,-52.16449035,16.9484851281,296.600006104,26.0499992371,168.199996948,26.5599994659,10.9499998093
1572037698.0,-32.0734825,-52.16447385,17.0234259138,295.899993896,26.7900009155,168.600006104,26.5349998474,10.9390001297
1572037704.0,-32.0734523,-52.1644546,17.2533610617,295.399993896,27.0599994659,169.0,26.3330001831,10.9130001068
1572037709.0,-32.0734316,-52.1644374,17.1883117936,293.899993896,27.2099990845,168.300003052,26.3129997253,10.8970003128
1572037714.0,-32.07341055,-52.1644277,17.0932809139,294.899993896,26.9599990845,169.5,26.1800003052,10.9010000229
1572037719.0,-32.07338365,-52.1644224,17.0182658231,295.299987793,27.4899997711,168.100006104,26.1749992371,10.8859996796
1572037725.0,-32.07335425,-52.1644087,16.9382092517,294.700012207,27.8799991608,167.699996948,26.1560001373,10.9189996719
1572037730.0,-32.07332635,-52.1643939,16.9181536241,294.5,27.75,167.699996948,26.1399993896,10.9119997025
1572037735.0,-32.07329435,-52.16438415,16.9081327244,294.799987793,28.1599998474,167.800003052,26.1270008087,10.9320001602
1572037740.0,-32.07326785,-52.16438035,16.8381077368,294.100006104,28.25,166.699996948,26.1200008392,10.9219999313
1572037745.5,-32.0732386,-52.16439095,16.8531200549,293.799987793,28.1000003815,166.5,26.0900001526,10.9379997253
1572037751.0,-32.0732107,-52.16440645,16.9281631574,293.600006104,28.5799999237,166.399993896,25.9610004425,10.9340000153
1572037756.0,-32.07318355,-52.16441985,16.8781857657,292.799987793,28.0699996948,166.300003052,25.9689998627,10.8819999695
1572037761.0,-32.07316765,-52.1644476,16.8732680794,292.700012207,27.7900009155,166.699996948,25.9750003815,10.9200000763
1572037766.0,-32.0731534,-52.16447795,16.8783257178,291.200012207,27.6700000763,166.399993896,25.9790000916,10.888999939
1572037771.5,-32.0731403,-52.164513,16.8384385739,290.700012207,27.1399993896,166.300003052,25.9629993439,10.8500003815
1572037777.0,-32.0731329,-52.16454535,16.7985068627,291.399993896,26.9899997711,166.199996948,25.8299999237,10.8360004425
1572037782.0,-32.07313295,-52.16457835,16.693586326,292.100006104,27.5499992371,166.100006104,25.8269996643,10.8489999771
1572037787.0,-32.0731321,-52.16460695,16.7136827168,291.799987793,28.1000003815,167.300003052,25.829000473,10.8520002365
1572037792.5,-32.0731348,-52.1646436,16.7687465249,291.5,28.0499992371,165.899993896,25.8299999237,10.8739995956
1572037798.0,-32.07314085,-52.1646793,16.5588692526,291.899993896,28.0900001526,166.100006104,25.8069992065,10.8710002899
1572037803.0,-32.07315695,-52.1647056,16.5889450207,292.5,28.1900005341,165.399993896,25.6779994965,10.8760004044
1572037808.0,-32.0731746,-52.16473745,16.5640367135,292.200012207,28.3099994659,165.199996948,25.829000473,10.9060001373
1572037813.0,-32.0731723,-52.1647699,16.6091226246,292.200012207,28.2199993134,165.5,25.8229999542,10.8920001984
1572037819.0,-32.07315955,-52.16480645,16.8242330201,292.5,28.1000003815,164.600006104,25.8159999847,10.8780002594
1572037824.0,-32.0731508,-52.1648368,16.6793166247,294.299987793,27.7399997711,165.0,25.8309993744,10.8520002365
1572037829.0,-32.07315755,-52.16487405,16.5994243956,296.0,27.5200004578,163.5,26.0669994354,10.8389997482
1572037834.0,-32.0731675,-52.16490675,16.5194488417,296.899993896,27.0900001526,162.899993896,26.2439994812,10.8459997177
1572037839.5,-32.0731822,-52.16494755,16.5446029309,297.200012207,26.9500007629,162.600006104,26.3819999695,10.8660001755
1572037845.0,-32.0731935,-52.1649857,16.5797092667,297.0,27.0,163.199996948,26.3980007172,10.859000206
1572037850.0,-32.0731855,-52.16501625,16.8597884847,297.5,27.1299991608,162.899993896,26.4200000763,10.8500003815
1572037855.0,-32.0731633,-52.1650321,16.8848199382,298.299987793,27.0900001526,164.100006104,26.4449996948,10.8170003891
1572037860.5,-32.0731355,-52.16504,16.9048363822,299.200012207,27.1800003052,163.100006104,26.6040000916,10.8260002136
1572037866.0,-32.0731087,-52.16505575,16.8098725465,299.200012207,27.4400005341,163.800003052,26.607000351,10.8470001221
1572037871.0,-32.0730797,-52.16506815,16.6848942538,298.399993896,27.6499996185,163.399993896,26.6170005798,10.8879995346
1572037876.0,-32.07305435,-52.1650749,16.6499126493,297.799987793,27.4799995422,165.399993896,26.6319999695,10.8459997177
1572037881.0,-32.0730328,-52.16509565,16.6299594025,297.299987793,26.8899993896,165.899993896,26.6469993591,10.8090000153
1572037886.5,-32.07301805,-52.1651175,16.5400044905,297.399993896,26.6800003052,166.600006104,26.6599998474,10.8020000458
1572037892.0,-32.07302525,-52.1651474,16.635082661,297.5,26.2700004578,167.899993896,26.6620006561,10.8030004501
1572037897.0,-32.0730325,-52.1651756,16.6551909203,297.299987793,26.2700004578,166.899993896,26.6669998169,10.8000001907
1572037902.0,-32.0730448,-52.16520985,16.6552692925,296.600006104,26.3500003815,168.600006104,26.8150005341,10.7700004578
1572037907.5,-32.0730644,-52.16523795,16.5903688663,296.700012207,26.3400001526,170.5,26.7980003357,10.7720003128
1572037913.0,-32.0730918,-52.1652661,16.5954148705,296.5,26.3199996948,169.800003052,26.783000946,10.7939996719
1572037918.0,-32.0731129,-52.1652925,16.535508661,296.799987793,26.5,170.300003052,26.638999939,10.829000473
1572037923.0,-32.0731227,-52.1653274,16.5405905213,297.0,26.9200000763,170.300003052,26.6280002594,10.8470001221
1572037928.0,-32.073122,-52.16535025,16.4656804352,297.100006104,27.2199993134,170.800003052,26.4720001221,10.8120002747
1572037934.0,-32.07313215,-52.16538265,16.4757724466,297.600006104,27.2800006866,171.800003052,26.4880008698,10.8310003281
1572037939.0,-32.0731297,-52.1654131,16.4908419791,297.0,27.3799991608,170.800003052,26.5020008087,10.8400001526
1572037944.0,-32.07312875,-52.16544925,16.500921459,297.799987793,27.4699993134,171.199996948,26.5130004883,10.8229999542
1572037949.0,-32.0731308,-52.1654796,16.5260111032,297.200012207,27.5300006866,170.0,26.531999588,10.8219995499
1572037954.5,-32.0731422,-52.16551275,16.3961078431,297.600006104,27.1599998474,169.600006104,26.6749992371,10.8009996414
1572037960.0,-32.0731638,-52.16552055,16.4711358202,298.899993896,26.3099994659,170.5,26.6700000763,10.7620000839
1572037965.0,-32.07319645,-52.1655267,16.5061544972,298.799987793,26.8600006104,168.600006104,26.5380001068,10.8310003281
1572037970.0,-32.0732292,-52.1655385,16.5662045902,298.700012207,27.3999996185,168.5,26.5510005951,10.8170003891
1572037975.5,-32.07325785,-52.1655561,16.5362546015,299.700012207,27.6100006104,168.399993896,26.5739994049,10.859000206
1572037981.0,-32.07327715,-52.1655923,16.4713589232,299.700012207,27.6299991608,168.300003052,26.7210006714,10.8529996872
1572037986.0,-32.0732873,-52.16562925,16.5164480063,300.299987793,27.8299999237,168.0,26.7140007019,10.8859996796
1572037991.0,-32.07329665,-52.1656661,16.3965685091,300.399993896,27.9799995422,167.199996948,26.7089996338,10.9060001373
1572037996.0,-32.0732857,-52.16568835,16.5466247517,299.399993896,27.7999992371,168.399993896,26.702999115,10.8420000076
1572038001.5,-32.073266,-52.16571245,16.6316898257,297.700012207,27.6700000763,168.899993896,26.5659999847,10.873000145
1572038007.0,-32.0732479,-52.1657404,16.5917524499,296.399993896,26.7999992371,169.0,26.7369995117,10.8439998627
1572038012.0,-32.0732401,-52.165747,16.451768784,296.5,25.4899997711,167.300003052,26.7159996033,10.7919998169
1572038017.0,-32.07324205,-52.165745,16.436763057,296.700012207,24.8199996948,171.100006104,26.7210006714,10.7229995728
1572038022.5,-32.0732412,-52.1657454,16.431763663,296.799987793,24.2099990845,173.800003052,26.7310009003,10.6680002213
1572038028.0,-32.07324045,-52.1657452,16.4367630151,296.799987793,23.8999996185,177.5,26.7269992828,10.6120004654
1572038033.0,-32.07323945,-52.165745,16.4167619473,297.0,23.6299991608,179.600006104,26.732000351,10.579000473
1572038038.0,-32.0732387,-52.1657448,16.4267613384,297.600006104,23.1299991608,183.199996948,26.7369995117,10.513999939
1572038043.0,-32.07323795,-52.1657449,16.3817612504,298.0,22.5699996948,185.0,26.7469997406,10.4799995422
1572038048.5,-32.07323675,-52.1657454,16.4317621248,298.5,22.1700000763,186.300003052,26.75,10.4499998093
1572038054.0,-32.0732363,-52.16574615,16.4517641998,299.200012207,21.8299999237,187.5,26.7590007782,10.4379997253
1572038059.0,-32.0732353,-52.1657454,16.4417618694,299.700012207,21.6100006104,188.300003052,26.7689990997,10.4189996719
1572038064.0,-32.07323385,-52.16574375,16.336757581,300.399993896,21.4099998474,189.100006104,26.8129997253,10.4079999924
1572038069.0,-32.0732328,-52.1657433,16.3717554238,300.700012207,21.2900009155,189.5,26.8020000458,10.4010000229
1572038075.0,-32.0732327,-52.1657435,16.351756229,301.299987793,21.1900005341,190.0,26.7999992371,10.3950004578
1572038080.0,-32.07323255,-52.1657431,16.3367548394,301.600006104,21.1399993896,190.0,26.8010005951,10.3970003128
1572038085.0,-32.07323315,-52.1657435,16.3817562535,302.0,21.1100006104,190.199996948,26.7950000763,10.3920001984
1572038090.0,-32.07323375,-52.1657441,16.3517578883,302.100006104,21.0499992371,190.399993896,26.7919998169,10.3940000534
1572038095.5,-32.0732353,-52.1657444,16.3517594308,302.5,20.9300003052,190.5,26.7940006256,10.3900003433
1572038101.0,-32.07323635,-52.1657445,16.3467598507,302.899993896,20.8199996948,191.0,26.7950000763,10.3839998245
1572038106.0,-32.07323715,-52.16574425,16.366759402,303.299987793,20.6900005341,190.399993896,26.7919998169,10.3819999695
1572038111.0,-32.0732377,-52.16574395,16.3017585896,303.799987793,20.5599994659,190.800003052,26.7849998474,10.3809995651
1572038116.0,-32.0732378,-52.1657436,16.3117578321,304.0,20.4099998474,191.0,26.7870006561,10.3789997101
1572038121.5,-32.0732378,-52.16574305,16.2567566402,304.5,20.2900009155,189.899993896,26.7849998474,10.3809995651
